author,title,description,content
Ellie Broughton,How to Plan a Vacation With a Lower Carbon Footprint,Going on vacation is dreamy  and good for your brain whatever your budget  But when a single round trip from New York to London releases a literal ton of CO2 into the atmosphere  enough to melt three square meters of Arctic ice  its hard to relax and enjoy ,Going on vacation is dreamy  and good for your brain whatever your budget  But when a single round trip from New York to London releases a literal ton of CO2 into the atmosphere  enough to melt three square meters of Arctic ice  its hard to relax and enjoy t  9613 chars 
Christine Fisher,Starbucks embraces fake meat  starting in Canada,Next week  when Starbucks rolls out its spring menu in stores across Canada  it will include one notable addition  a breakfast sandwich with Beyond Meat sausage  Starbucks joins a growing list of brands that have added Beyond Meat s plant based offerings to t,The lab grown  plant based meat trend is a product of science and tech  but it s also driven by a growing awareness of the environmental impacts of meat production  Earlier this year  Starbucks said it was committed to a  resource positive future  which incl  713 chars 
Mariella Moon,Google debuts  Works With Chromebook  badge for accessories,If you ve ever bought a cable  a charger or any other accessory that ended up incompatible with the device it s meant for  you ll likely appreciate Google s latest   Works With   badge  The tech giant has debuted the  Works With Chromebook  logo  which can gi,Google says all accessories with the badge have been tested and are guaranteed to comply with Chromebook s compatibility standards  Thus far  the company has certified products from several famous brands  including Anker  Kensington and Logitech  Also  certif  223 chars 
Mariella Moon,Netflix pauses production on  Stranger Things  other shows due to coronavirus,TV and media giants  including streaming services  are feeling the effects of the global coronavirus pandemic  According to The Hollywood Reporter and Deadline  Netflix has put a pause on all scripted TV and film production for two weeks in the US and Canada ,The affected shows include viewer favorite Stranger Things  which had to shut down its fourth season s production  as well as supernatural detective series Lucifer and Groundhog Day esque comedy drama Russian Doll  Shows being filmed outside the US and Canada  524 chars 
Christine Fisher,Uber Eats waives delivery fees for over 100 000 independent restaurants,In response to the coronavirus pandemic and its impact on the restaurant industry  Uber Eats is waiving delivery fees for over 100 000 independent restaurants across the US and Canada  It s the latest move by gig economy businesses like Uber  Lyft and Grubhub,Uber Eats is also launching daily marketing campaigns to promote delivery from local restaurants  especially those that are new to the app  It will allow restaurants of all sizes to opt into daily payments on all Uber Eats orders  rather than weekly billing    664 chars 
Richard Lawler,Disney  will start streaming  Frozen 2  on Sunday  three months early,In a move that feels in parts altruistic and business savvy  Disney has bumped up the Disney  streaming release date for Frozen 2 to this weekend  Many families are unexpectedly home and certainly feeling the stress of everything going on due to coronavirus  ,The press release didn t indicate exactly what time Frozen 2 will premiere on Disney  but said it will be available only in HD initially  and only in the US  Starting Tuesday March 17th  it will also come to Canada  the Netherlands  Australia and New Zealand  380 chars 
Marc DeAngelis,Chinese digital spying is becoming more aggressive  researchers say,FireEye  a US cybersecurity firm  says that it has seen a concerning spike in activity from what appears to be a Chinese hacking group called APT41  The attacks are being deployed against companies in the US  Canada  the UK and several other counties  which i,FireEye  a US cybersecurity firm  says that it has seen a concerning spike in activity from what appears to be a Chinese hacking group called APT41  The attacks are being deployed against companies in the US  Canada  the UK and several other counties  which i  529 chars 
Christine Fisher,IBM and Microsoft support the Vaticans guidelines for ethical AI,IBM and Microsoft have signed the Vatican s  Rome Call for AI Ethics  a pledge to develop artificial intelligence in a way that protects all people and the planet  Financial Times reports  Microsoft President Brad Smith and John Kelly  IBM s executive vice p,The pledge  presented to Pope Francis today  calls for AI that safeguards the rights of all humans  especially the underprivileged  and for new regulations in areas like facial recognition  It asks tech leaders to  humanise technology and not  technologise  h  1068 chars 
Nick Summers,Yelp is adding a  contact free  delivery option to its apps,Yelp is doing its part to help small businesses affected by the coronavirus pandemic  The company has promised to update its iOS and Android apps next week with a  contact free  delivery option at checkout  thanks in part to its partnership with Grubhub  It s,In addition  Yelp is committing  25 million to help small restaurants and bars that are struggling financially due to the public s social distancing  The funding will come  primarily  in the form of free advertising  products and services  however  rather tha  1758 chars 
Jon Fingas,Waymo s first outside investment round includes car industry heavyweights,Believe it or not  Waymo hasn t really leaned on outside help to fulfill its self driving car ambitions   Alphabet  and earlier  Google  has shouldered much of the load  Now  however  it s expanding its sources of cash  Waymo has announced its first external,Alphabet is also contributing  but it appears to be in the minority this time around Waymo was vague about how it would use the funds  saying only that this would help  our people  our technology  and our operations  One look at Waymo s business suggests t  744 chars 
Engadget,What we re listening to   Hunting Warhead  and Grimes,This month  commerce editor Valentina Palladino explains why you should listen a true crime podcast about the dark web  despite its subject matter  Contributing Editor Igor Bonifacic discusses the merits of the latest album from Grimes  Hunting Warhead Valent,Valentina PalladinoCommerce Editor Child abuse is an unspeakable crime  and yet it s rampant in the dark corners of the internet  Those who perpetrate and disseminate child abuse images rely on secrecy and anonymity to keep their operation going   but what   4890 chars 
Gregory Barber,Ventilator Makers Race to Prevent a Possible Shortage,Manufacturers are producing as many as they can to care for Covid 19 patients with breathing problems  Now the federal government is asking for even more ,Eric Gjerde  CEO of Airon Corporation  a small ventilator maker in Gainesville  Florida  has been getting far more business than hed like in recent weeks  An Italian company asked him for 2 000 machines  His distributor in California  working with state offic  6388 chars 
Jay Peters,Google launches a new Works with Chromebook badge for accessories,Google launches a new Works with Chromebook badge for accessories  which certifies that chargers  mice  keyboards  power adapters  and more will be compatible with Chromebooks  There are currently 13 companies that offer accessories as part of the program ,Chargers  mice  keyboards  power adapters  and more Image  Google Google has launched a new Works with Chromebook badge for accessories that are certified to be compatible with Chromebooks  via 9to5Google  The certification will be given to chargers  mice   1160 chars 
Jay Peters,WeChat has been censoring keywords about coronavirus  study finds,Chinas hugely popular WeChat has been censoring keywords about coronavirus  according to a report published by Citizen Lab  The report also found that popular Chinese livestreaming platform YY has been censoring coronavirus content ,Chinese live streaming platform YY has also been censoring coronavirus content Illustration by Alex Castro   The Verge Chinas most popular messaging app  Tencent owned WeChat  has been censoring keywords about coronavirus since as early as January 1st  an a  2715 chars 
Darrell Etherington,Canada closes border to all foreign nationals except Americans  will block even citizens with symptoms,Canadian Prime Minister Justin Trudeau announced a number of additional measures being taken at a federal level in Canada to prevent further spread of coronavirus within the country  The most extreme is that Canada is closing its borders to non citizens and a,Canadian Prime Minister Justin Trudeau announced a number of additional measures being taken at a federal level in Canada to prevent further spread of coronavirus within the country  The most extreme is that Canada is closing its borders to non citizens and a  1880 chars 
Brian Heater,As social distancing measure  Starbucks temporarily shifts to to go model in US and Canada,Beginning today  Starbucks is instituting a temporary move to a to go model for all of its locations in the U S  and Canada  One of the more sweeping actions taken by a major food chain  the coffee giant is looking to adhere to advice about social distancin,Beginning today  Starbucks is instituting a temporary move to a to go model for all of its locations in the U S  and Canada  One of the more sweeping actions taken by a major food chain  the coffee giant is looking to adhere to advice about social distancing   1309 chars 
Darrell Etherington,U S  and Canada border to close to all but non essential and travel  says Trump,The U S Canada border has remained open despite measures by both countries to block and limit international flights and mobility in light of the coronavirus pandemic  but that is changing today as the two countries have agreed  by mutual consent  to suspen,The U S Canada border has remained open despite measures by both countries to block and limit international flights and mobility in light of the coronavirus pandemic  but that is changing today as the two countries have agreed  by mutual consent  to suspen  1426 chars 
Darrell Etherington,Uber suspends Uber Pool shared rides in the U S  and Canada to help limit coronavirus spread,Uber has suspended its shared Uber Pool class of rides  the company announced on Tuesday  The Uber Pool option would match up to three passengers together in one vehicle based on their destination  and Uber said in a statement from Uber Rides and Platform V,Uber has suspended its shared Uber Pool class of rides  the company announced on Tuesday  The Uber Pool option would match up to three passengers together in one vehicle based on their destination  and Uber said in a statement from Uber Rides and Platform V  1336 chars 
Anthony Ha,Daily Crunch  Waymo raises  2 5B,Alphabets self driving car company raises its first outside investment  Robinhood goes down and Pixel phones get new gesture controls  Heres your Daily Crunch for March 3  2020  1  Waymo brings in  2 25B from outside investors  Alphabet This is the company,Alphabets self driving car company raises its first outside investment  Robinhood goes down and Pixel phones get new gesture controls  Heres your Daily Crunch for March 3  2020 1  Waymo brings in  2 25B from outside investors  Alphabet This is the compan  3153 chars 
Jon Evans,Burn the EARN IT Act,I want to talk about malignant incompetence on the part of our elected officials  and this isnt even about the pandemic  Rather  its about the spectacularly misguided  counterproductive  expensive  and overbearing approach to end to end encryption by the US,I want to talk about malignant incompetence on the part of our elected officials  and this isnt even about the pandemic  Rather  its about the spectacularly misguided  counterproductive  expensive  and overbearing approach to end to end encryption by the US  4339 chars 
Micaela Heck,How to Stop Procrastinating  With Behavior Scientist BJ Fogg,Do you put things off til the last minute  Are you one of the millions who tend to delay getting to your to do list  Then youre in luckbehavior scientist BJ Fogg joins us on this episode to talk about how to stop procrastinating thanks to his researched ap,Do you put things off til the last minute  Are you one of the millions who tend to delay getting to your to do list  Then youre in luckbehavior scientist BJ Fogg joins us on this episode to talk about how to stop procrastinating thanks to his researched appro  1947 chars 
Brendan Hesse,Playing This Free Game Might Help Find a Coronavirus Cure,Want to help researchers understand and find a vaccine for the coronavirus  Help them out by playing this video game  Read more ,Want to help researchers understand and find a vaccine for the coronavirus  Help them out by playing this video game Foldit is a free puzzle game that tasks players with folding protein chains to change the way they behave  It was originally created by deve  1206 chars 
Emily Price,You Probably Aren t Going to Get COVID 19 From a Package,Social distancing means a lot of people are avoiding stores  Depending on where you live  those stores might even be closed for the time being  All that means that were all making a few more purchases online than we might ordinarily  Those delivered packages,Social distancing means a lot of people are avoiding stores  Depending on where you live  those stores might even be closed for the time being  All that means that were all making a few more purchases online than we might ordinarily  Those delivered packages   2292 chars 
Riley Davis on Vitals shared by Beth Skwarecki to Lifehacker,How to Choose a Birth Control Option If Youre Worried About Side Effects,Picking a birth control can seem scary  especially if youre worried about the more extreme side effects  You may have heard the horror stories about the risks of organ perforation using intrauterine devices  or claims that birth control is linked to migraine,Picking a birth control can seem scary  especially if youre worried about the more extreme side effects  You may have heard the horror stories about the risks of organ perforation using intrauterine devices  or claims that birth control is linked to migraines  7576 chars 
Nicole Dieker,How to Be More Patient,Ill be the first to say that patience is not my virtue  I move quickly through the world  and I often expect everyone else to be just as proactive and efficientwhether that means responding to emails within 24 hours  or  like  putting your credit card in th,Ill be the first to say that patience is not my virtue  I move quickly through the world  and I often expect everyone else to be just as proactive and efficientwhether that means responding to emails within 24 hours  or  like  putting your credit card in the   3032 chars 
Nicole Dieker,If You Want to Prioritize Something  Put It Where You Can See It,There are two really good techniques to help you remember what you need to carry with you as you walk out the door every morning  One of them is to give yourself a mantra  like phone  wallet  keys  and the other is to put the stuff you need to take with you,There are two really good techniques to help you remember what you need to carry with you as you walk out the door every morning  One of them is to give yourself a mantra  like phone  wallet  keys  and the other is to put the stuff you need to take with you i  2403 chars 
David Murphy,Don t Download These Bogus Coronavirus  Tracking  Android Apps,Its easy to get duped right now  while were all in panic mode  All it takes is for one person with a bit of free time on their hands to make a Coronavirus dashboard that asks unsuspecting users to install an application on their machine  and boomyoure s,Its easy to get duped right now  while were all in panic mode  All it takes is for one person with a bit of free time on their hands to make a Coronavirus dashboard that asks unsuspecting users to install an application on their machine  and boomyoure suckere  2454 chars 
Elizabeth Yuko,How to Convince Your Parents or Grandparents that the Coronavirus is Dangerous,The past few weeks have been a trying time for everyone as we deal with the coronavirus pandemic  But for many people  myself included  some of the most stressful moments have come from discussing COVID 19 with our parents  grandparents and other older relat,The past few weeks have been a trying time for everyone as we deal with the coronavirus pandemic  But for many people  myself included  some of the most stressful moments have come from discussing COVID 19 with our parents  grandparents and other older relat  8960 chars 
Elizabeth Yuko,How to Help Your High School Senior Cope With Having Their Year Cut Short,Think back to your senior year of high school  Once spring rolled around  you were basically home free and could finally experience the joy of senioritis  getting to go to school and see your friends while enjoying lower academic expectations  Plus there we,Think back to your senior year of high school  Once spring rolled around  you were basically home free and could finally experience the joy of senioritis  getting to go to school and see your friends while enjoying lower academic expectations  Plus there were  7364 chars 
Patrick Hayes on Offspring shared by Patrick Hayes to Lifehacker,What Parents Should Know about Teens and Social Media Fame,Rhiannon Ragland has never been particularly interested in building her own social media presence  But as the mom of a teenager  she adheres to parental best practicesshe follows her daughter Brennas accounts  pays attention to what she posts  and has talke,Rhiannon Ragland has never been particularly interested in building her own social media presence  But as the mom of a teenager  she adheres to parental best practicesshe follows her daughter Brennas accounts  pays attention to what she posts  and has talked   6040 chars 
J D Roth,How to Negotiate Your Salary,One of the best ways to increase your income is through salary negotiations  either when youre first offered the job or during a performance review  It may make you uncomfortable  but its extremely important  Heres how to get what you want out of a negotia,One of the best ways to increase your income is through salary negotiations  either when youre first offered the job or during a performance review  It may make you uncomfortable  but its extremely important  Heres how to get what you want out of a negotiatio  9003 chars 
Christine Fisher,Intels neuromorphic chip learns to smell 10 hazardous chemicals,Of all the senses  scent is a particularly difficult one to teach AI  but that doesn t stop researchers from trying  Most recently  researchers from Intel and Cornell University trained a neuromorphic chip to learn and recognize the scents of 10 hazardous che,Using Intel s Loihi  a neuromorphic chip  the team designed an algorithm based on the brain s olfactory circuit  When you take a whiff of something  molecules stimulate olfactory cells in your nose  Those cells send signals to the brain s olfactory system  wh  1403 chars 
Jon Fingas,Coronavirus home testing kits are coming to Seattle,It might soon be much easier and safer to determine if someone has been infected by the novel coronavirus  The team behind a Gates Foundation backed project told the Seattle Times that it s preparing to deliver home testing kits for the virus to Seattle  wher,The test will let people stay at home and reduce the chances of spreading the virus  At the same time  it could also improve the turnaround by processing large numbers of tests in a relatively short space of time  The Gates Foundation s Scott Dowell estimated  700 chars 
Rachel England,Scientists develop neuroprosthetic tech that amputees don t need to learn,For those working in the field of neuroprosthetics  the ultimate goal is to give amputees with artificial limbs natural  intuitive and real time movement  Indeed  advances in the field have led to mind controlled systems and even those that create kinaestheti,One of the biggest challenges in mind controlled prosthetics is finding a strong and stable enough nerve signal to attach to the bionic limb  Scientists already know that peripheral nerves  the network of tiny nerves that fan out to the spinal cord and brain  2153 chars 
Jon Fingas,NASA wants students  help designing tech for the Moon and Mars,NASA is enlisting whatever help it can get to make sure its crewed Moon and Mars missions go smoothly  and that might include help from schools  The agency is running a new round of its Moon to Mars Exploration Systems and Habitation Academic Innovation Chall,The awards will be relatively modest at  15 000 to  50 000  but NASA stressed that this doesn t necessarily involve tangible products  It can also involve research that fills  knowledge gaps  or reduces risks  for instance  Proposals are due by April 24th T  333 chars 
Karissa Bell,TikTok names experts who will help shape its content policies,TikTok has named the group of experts who will help guide the app s content moderation policies as part of the newly formed  Content Advisory Council  The group  chaired by George Washington University Law Professor Dawn Nunziato  is made up of academics who,What s not clear is just how much influence this advisory council will ultimately have  or if their involvement will help diffuse criticism of the app  which is owned by Chinese company ByteDance  As TikTok s popularity in the US has skyrocketed  the app has   557 chars 
Jon Fingas,Drones can navigate like bats using four mics and a speaker,Bats can find their way in the dark using echolocation  so why can t drones   Researchers have managed just that  They ve developed a system that lets a drone navigate using just four microphones and a speaker  It relies on the familiar concept of measuring d,The drone currently has to be stationary to get a feel for its environment  but the scientists hope to use the technology mid flight  The team will also look at situations where the drone might be restricted If this system is available worldwide  it could l  501 chars 
Rachel England,An algorithm could make CPUs a cheap way to train AI,AI is the backbone of technologies such as Alexa and Siri   digital assistants that rely on deep machine learning to do their thing  But for the makers of these products   and others that rely on AI   getting them  trained  is an expensive and often time c,Typically  companies use GPUs as acceleration hardware in implementing deep learning in technology  But this is pricey   top of the line GPU platforms cost around  100 000  Rice researchers have now created a cost saving alternative  an algorithm called sub   2861 chars 
Christine Fisher,ER docs don smart rings to better predict COVID 19 infections,Some 2 000 emergency medical workers in San Francisco are tracking their temperature and other vitals with Oura s smart rings in an attempt to limit the spread of COVID 19  SF Chronicle reports  Oura and researchers from the University of California San Franc,Workers at UCSF Medical Center and Zuckerberg San Francisco General Hospital are wearing the devices  and Oura has asked another 150 000 users to share their data  The rings aren t exactly comprehensive trackers  but they do record body temperature  heart rat  1124 chars 
Nicole Lee,Health experts explain how we should be cleaning our gadgets,The coronavirus has disrupted our lives in ways both large and small  Multiple organizations have cancelled conferences and events  and various municipalities have instructed residents to practice social distancing and to stay home whenever possible  If there, Phones  laptops and other electronics travel with us everywhere  from bathrooms to buses to kitchens and restaurants  said Dr  Kelly A  Reynolds  an Associate Professor in the College of Public Health at the University of Arizona  She authored a study about  6083 chars 
 ,Protecting whales from the noise people make in the ocean,Oil drilling and construction is creating a din for sealife   new tech is hoping to turn the volume down ,Image copyrightAilbhe KavanaghImage caption  Whales are having to use more energy to communicate There is a rising din in the oceans   and whales are having to struggle to compete with it   They re spending more time or energy trying to communicate by ess  6468 chars 
MENAFN,Richard leBrasseur   MENAFN COM, MENAFN   The Conversation  Dr  Rick leBrasseur is an Associate Professor of Landscape Architecture at Dalhousie University within the Department of Plant  Food and Environmental Sciences A licensed landscape architect  environmental psychologist  researcher, MENAFN   The Conversation  Dr  Rick leBrasseur is an Associate Professor of Landscape Architecture at Dalhousie University within the Department of Plant  Food and Environmental Sciences A licensed landscape architect  environmental psychologist  researche  3095 chars 
graemebenjamin1,N S  bans evictions while committing funds to Feed Nova Scotia  income assistance   Global News,N S  bans evictions while committing funds to Feed Nova Scotia  income assistance Global News One person in N S  hospitalized as a result of COVID 19 CTV News NS  NB pharmacies restrict medication fills to avoid shortages during COVID 19 Global News N S  boos,The Nova Scotia government is making sure tenants impacted by the COVID 19 outbreak cant be evicted  while also committing  1 million to food banks across the province The announcements were made a press briefing in Halifax on Thursday  which was held virtu  4043 chars 
Doug Schmidt Windsor Star,Viral virus video highlights COVID 19 panic shopping in Windsor   Windsor Star,Viral virus video highlights COVID 19 panic shopping in Windsor Windsor Star COVID 19 panic buying hits grocery stores across Canada CTV News Grocery stores hit with Coronavirus COVID 19 shopping surge  grocery store chain owner Scott Karns PennLive com Coron,We estimated 10 or 11 per cent of the population would panic buy  and theyre doing that right now but itll soon pass  said Charlebois  senior director of the Agri food Analytics Lab at Dalhousie University in Halifax and known as The Food Professor The food  1196 chars 
,Experts  No reason to panic as shelves seem bare amid virus concerns   CityNews Vancouver,Experts  No reason to panic as shelves seem bare amid virus concerns CityNews Vancouver Coronavirus Panic In Montreal Leaves Grocery Store Shelves Empty   Here s Metro s Solution MTL Blog Capturing the coronavirus mood through one Toronto grocery store The Gl,TORONTO  NEWS 1130   Grocery store shelves across the country are being emptied by those concerned about the spread of COVID 19  with toilet paper and canned goods being some of the hottest items According to a food expert  there is no reason to panic as C  1041 chars 
joshkelliott,Flatten the curve  How one chart became a rallying cry against coronavirus   Global News,Flatten the curve  How one chart became a rallying cry against coronavirus Global News  Flattening the curve  on COVID 19 pandemic numbers  explained CTV News Here s Why Everybody s Talking About  Flattening The Curve  HuffPost Coronavirus outbreak  Social di,A bit of geeky jargon has become a rallying cry in the fight against the novel coronavirus  as people around the world try to flatten the curve by doing the little things necessary to stop the spread of the virus that causes COVID 19 The term comes from p  7722 chars 
,Ont  hospital to set up special COVID 19 clinic to ease busy emergency rooms   CTV News,As hospitals and health care facilities across Canada prepare to handle the spread of coronavirus seen around the world  some doctors are worried about a potential flood of patients hitting emergency rooms ,TORONTO    As hospitals and health care facilities across Canada prepare to handle the spread of coronavirus seen around the world  some doctors are worried about a potential flood of patients hitting emergency rooms Dr  Jeff Powis  the medical director o  5018 chars 
marcmalkin,Listen  Ellen Page on Directing Netflix Doc  Justin Trudeau and Donald Trumps Environmental Records,Ellen Page is now calling the shots from behind the camera  The X Men star makes her directorial debut with Theres Something in the Water  the new Netflix documentary she co directed with Ian Daniel about the impact of environmental racism on marginalize,Ellen Page is now calling the shots from behind the camera The X Men star makes her directorial debut with Theres Something in the Water  the new Netflix documentary she co directed with Ian Daniel about the impact of environmental racism on marginaliz  2634 chars 
Rod Nickel,Wheat in Whitehorse  how climate change helps feed Canada s remote regions,After failing to grow wheat in Canada s subarctic Yukon territory 15 years ago  farmer Steve Mackenzie Grieve gave it another shot in 2017 ,WINNIPEG  Manitoba OTTAWA  Reuters    After failing to grow wheat in Canadas subarctic Yukon territory 15 years ago  farmer Steve Mackenzie Grieve gave it another shot in 2017   Thanks to longer summers  he has reaped three straight harvests  This spring he  4741 chars 
Emily Chung,Scientists discover 1st animal that doesn t breathe oxygen,For the first time  scientists have discovered something they didnt think existed   an animal that cant breathe oxygen  and obviously doesnt need to ,Scientists have discovered something they didn t think existed an animal that can t breathe oxygen  and obviously doesn t need to That animal is a parasite called Henneguya salminocola  distantly related to jellyfish  It lives in the muscles of salmon and   4557 chars 
,Sustainability goes mainstream for business education   The Globe and Mail,More business schools are embedding sustainability themes into courses and research,David Dunne  director of MBA Programs at the University of Victorias Gustavson School of Business  speaks to students in a classroom on campus University of Victoria photo services Until recently  Canadian business schools typically covered climate change   11260 chars 
,Remote work tech companies prepare for surge in customers amid COVID 19 outbreak   CityNews Vancouver,TORONTO  Technology companies operating in Canada and specializing in remote work say theyre bracing for a spike in inquiries  sales and users amid an outbreak of a novel coronavirus  They say their phones have been ringing constantly  sales teams are busy ,TORONTO Technology companies operating in Canada and specializing in remote work say theyre bracing for a spike in inquiries  sales and users amid an outbreak of a novel coronavirus They say their phones have been ringing constantly  sales teams are busy he  4320 chars 
PR Newswire,Top Datadog Executive Amit Agarwal Joins CRV as Venture Partner,CRV is pleased to announce that Amit Agarwal  Chief Product Officer at Datadog is joining the firm as a Venture Partner on April 1  Amit has spent the last 8 years guiding Datadog s product roadmaps  as well as overseeing key sales and operational aspects of ,SAN FRANCISCO  Feb  27  2020  PRNewswire   CRV is pleased to announce that Amit Agarwal  Chief Product Officer at Datadog is joining the firm as a Venture Partner on April 1  Amit has spent the last 8 years guiding Datadog s product roadmaps  as well as ove  1828 chars 
,A PLOS Medicine special issue devoted to refugee and migrant health,This week  the open access journal PLOS Medicine launches its latest special issue  focused on research and commentary about the health of refugees and migrants ,This week  the open access journal PLOS Medicine launches its latest Special Issue  focused on research and commentary about the health of refugees and migrants   As discussed in a recent Editorial in the journal  in recent years there has been a large incre  6490 chars 
Dr Binoy Kampmark,Moralising Hoarding  Panic Buying and Coronavirus,Hoarding as moral aberration and ethical breach  the term has recently become the subject of scorn in coronavirus chatter  In terms of mental disorders  it is characterized by persistent difficulty discarding or parting with possessions  though the Coronavi,Hoarding as moral aberration and ethical breach  the term has recently become the subject of scorn in coronavirus chatter  In terms of mental disorders  it is characterized by persistent difficulty discarding or parting with possessions  though the Coronavir  6781 chars 
nobody acs org Linda Wang Linda Wang,Scientists  favorite DIY lab equipment  and making lab trash live on,,Sharing science hacks Many scientists will go out of their way to save a few bucks  especially when it comes to improvising with makeshift lab equipment  So when Jacquelyn Gill  an associate professor of paleoecology and plant ecology at the University of Ma  3405 chars 
,IMV Inc  Launches Plans to Advance Clinical Development of a Vaccine Candidate Against COVID 19,DARTMOUTH  Nova Scotia BUSINESS WIRE IMV Inc   Nasdaq  IMV  TSX  IMV  a clinical stage biopharmaceutical company  the Company or IMV  today announced that it is advancing the clinical development of a DPX based vaccine candidate against COVID 19  Va,DARTMOUTH  Nova Scotia BUSINESS WIRE IMV Inc   Nasdaq  IMV  TSX  IMV  a clinical stage biopharmaceutical company  the Company or IMV  today announced that it is advancing the clinical development of a DPX based vaccine candidate against COVID 19  Vaccin  9189 chars 
Lilah Burke,Colleges go pass fail to address coronavirus,In many ways  the new coronavirus has wreaked havoc on the lives of college students  faculty and staff members  Many institutions have moved classes online and encouraged students to leave campus  creating a flurry of confusion  uncertainty and anxiety  More,In many ways  the new coronavirus has wreaked havoc on the lives of college students  faculty and staff members  Many institutions have moved classes online and encouraged students to leave campus  creating a flurry of confusion  uncertainty and anxiety Mor  6328 chars 
Ryan Flanagan,How do I know if I have COVID 19  A guide to symptoms   CTV News,CTVNews ca explains the common symptoms of COVID 19  how the disease spreads  and what anyone who fears they may have been infected should do ,TORONTO    Last Monday  the head of Iran s counter coronavirus task force told reporters that the country s COVID 19 situation was  almost stable One day later  he tested positive for the virus himself While Iraj Harirchi s message may have been questi  5379 chars 
,The Barbarity of False Equivalence   The Wire,The Barbarity of False Equivalence The Wire Harish Salve s arguments expose fault lines in  unconstitutionality  of CAA  narrative against Act built  Firstpost Delhi riots  Violence that killed 53 in Indian capital was anti Muslim pogrom  says top expert ,There could not be a more grisly method  even when it involves no violence  to cover up ghastly crimes committed by a people than to indulge in the fallacy of false equivalence  In this fallacy  two incomparable things are compared and declared to be equal be  10863 chars 
,People who attended basketball championships may have been exposed to COVID 19  NSHA   CTV News,People who attended basketball championships may have been exposed to COVID 19  NSHA CTV News N S  bans evictions while committing funds to Feed Nova Scotia  income assistance Global News One person in N S  hospitalized as a result of COVID 19 CTV News N S  b,HALIFAX    The Nova Scotia Health Authority says people who attended provincial high school basketball championships in Halifax earlier this month may have been exposed to COVID 19 The NSSAF Division 1 Provincial Basketball Championships were held from Ma  1466 chars 
Alexander Quon,Coronavirus to slash Atlantic Canadas cruise season   Global News,Coronavirus to slash Atlantic Canadas cruise season Global News COVID 19  Feds announce restrictions to overseas flights and further limits on cruises CTV News Victoria city council asking for ban on cruise ship visits to city amid coronavirus pandemic Globa,New federal restrictions on cruise ships are set to wreak havoc with Eastern Canadas cruise ship season  with thousands of expected visitors no longer permitted to dock in Canada Transport Minister Marc Garneau announced on Friday that no cruise ships carr  2052 chars 
HalifaxToday Staff,Nova Scotia closing all visitor information centres   HalifaxToday ca,Nova Scotia closing all visitor information centres HalifaxToday ca Three presumptive COVID 19 cases in Nova Scotia CTV News Nova Scotia lobster processors call for a halt to harvesting as market for shellfish collapses amid COVID 19 pandemic The Globe and Ma,Due to concerns around COVID 19  all visitor information centres will be closed effective Tuesday  March 17 There are only a few centres open year round  including one in Amherst nearthe New Brunswick border and one at Halifax Stanfield International Airpo  433 chars 
,Nova Scotia declares state of emergency  identifies 7 more cases of COVID 19   CTV News,Nova Scotia declares state of emergency  identifies 7 more cases of COVID 19 CTV News N S  declares state of emergency in response to COVID 19 CBC ca The latest on the coronavirus  Canada refuses to go to Olympics unless postponed  Trudeau not at point of dec,HALIFAX    Nova Scotia Premier Stephen McNeil has officially declared a state of emergency in the province due to the COVID 19 pandemic Effective 6 a m  Monday  the borders of Nova Scotia will be tightened  with screening processes at all points of entry   3439 chars 
graemebenjamin1,N S  bans evictions while committing funds to Feed Nova Scotia  income assistance   Global News,N S  bans evictions while committing funds to Feed Nova Scotia  income assistance Global News One person in N S  hospitalized as a result of COVID 19 CTV News NS  NB pharmacies restrict medication fills to avoid shortages during COVID 19 Global News N S  boos,The Nova Scotia government is making sure tenants impacted by the COVID 19 outbreak cant be evicted  while also committing  1 million to food banks across the province The announcements were made a press briefing in Halifax on Thursday  which was held virtu  4043 chars 
Doug Schmidt Windsor Star,Viral virus video highlights COVID 19 panic shopping in Windsor   Windsor Star,Viral virus video highlights COVID 19 panic shopping in Windsor Windsor Star COVID 19 panic buying hits grocery stores across Canada CTV News Grocery stores hit with Coronavirus COVID 19 shopping surge  grocery store chain owner Scott Karns PennLive com Coron,We estimated 10 or 11 per cent of the population would panic buy  and theyre doing that right now but itll soon pass  said Charlebois  senior director of the Agri food Analytics Lab at Dalhousie University in Halifax and known as The Food Professor The food  1196 chars 
graemebenjamin1,Coronavirus  Nova Scotia now has 41 cases  including at least one child under 10   Global News,Coronavirus  Nova Scotia now has 41 cases  including at least one child under 10 Global News N S  reports 13 new COVID 19 cases  including one involving a child CTV News COVID 19 cases mount in N S  but officials hope measures show  indication of success  CB,Thirteen new cases of COVID 19 have been identified in Nova Scotia  including a child under the age of 10  the provincial government says According to a news release on Monday  all the cases are travel related or connected to earlier reported cases Severa  4517 chars 
Gare Joyce,How the 1971 Stanley Cup defined  and obscured  Henri Richards legacy   Sportsnet ca,How the 1971 Stanley Cup defined  and obscured  Henri Richards legacy Sportsnet ca Henri Richard dead at 84 CBC News Montreal Canadiens great Henri Richard has died CTV News Remembering Canadiens Legend Henri Richard SPORTSNET From the Archives  Robbers left,It might figure as only a line or two in his obituaries today  but Henri Richard was the centre of a controversy that ranks as probably the most misinterpreted in the long  storied history of the Montreal Canadiens First and foremost  the obituaries will me  9714 chars 
,BC declares COVID 19 outbreak at care home as vulnerable residents infected   Philippine Canadian Inquirer,BC declares COVID 19 outbreak at care home as vulnerable residents infected Philippine Canadian Inquirer View Full coverage on Google News,Chief provincial health officer Dr  Bonnie Henry said the two cases of COVID 19 follow an earlier diagnosis of a care worker at the Lynn Valley Care Centre  making them especially concerning as examples of community transmission   File photo  Lynn Valley Care  5135 chars 
Cassandra Szklarski,Coronavirus  B C  seniors death raises questions about isolation risk at nursing homes   Global News,Coronavirus  B C  seniors death raises questions about isolation risk at nursing homes Global News Appointments needed to access Nova Scotia COVID 19 assessment sites CBC ca COVID 19 death prompts new control measures for Canada s seniors  homes CP24 Toronto,Public health officials are urging people take extra infection control steps around older Canadians most at risk of developing COVID 19 complications  with the death of a Vancouver senior providing fresh imperative for vigilance in long term care facilities   4955 chars 
The Canadian Press,Officials weigh COVID 19 infection control against risk of isolation at nursing homes   Prince Rupert Northern View,Officials weigh COVID 19 infection control against risk of isolation at nursing homes Prince Rupert Northern View,Public health officials are urging people take extra infection control steps around older Canadians most at risk of developing COVID 19 complications  with the death of a Vancouver senior providing fresh imperative for vigilance in long term care facilities   4797 chars 
The Canadian Press,Officials weigh COVID 19 infection control against risk of isolation at nursing homes   Comox Valley Record,Officials weigh COVID 19 infection control against risk of isolation at nursing homes Comox Valley Record,Public health officials are urging people take extra infection control steps around older Canadians most at risk of developing COVID 19 complications  with the death of a Vancouver senior providing fresh imperative for vigilance in long term care facilities   4797 chars 
,The latest on the coronavirus  Emergency payments to start in April   The Globe and Mail,The latest on the coronavirus  Emergency payments to start in April The Globe and Mail Premier Doug Ford is cutting daytime electricity prices by about  20 monthly   COVID 19 Toronto Star Ontarians will get a break on their hydro bills during COVID 19 pandemi,Latest headlines ul li Federal government to rejig benefits for workers  Trudeau says it will deliver  2 000 a month for four months to each li li Health Minister Patty Hajdu says government will start enforcing 14 day self isolation period for traveller  20009 chars 
Mack Lamoureux Tim Marchman Natasha Grzincic,Coronavirus Cancelled Sports  Here s How to Fill the Void,Coronavirus has forced the NHL  NBA  MLS  Serie A  ATP  and La Liga to suspend their seasons  Here s a bunch of things you can do with all your new free time ,On Wednesday  the sports world was broken by the coronavirus   The NBA suspended their season  the NCAA announced they won t be playing in front of crowds  and we learned that players on Juventus had tested positive for COVID 19  As the day turned  the tsuna  5924 chars 
Mack Lamoureux Josh Visser,Coronavirus Will Make This a Very Hard Year for Sports Fans,Teams are playing in front of empty stadiums in Europe  What does that mean for the NBA  MLB  NHL  and other major sports leagues and events ,This article originally appeared on VICE Canada On Sunday  soccer superstar Christian Ronaldo lost control of a cross at the top of the six yard box that teammate Aaron Ramsey picked up and swiftly buried into the goal  sealing Juventus  victory 2 0 over In  8846 chars 
Andy,Man Who Leaked Pre Release Movies Online Sentenced to 27 Months Prison,A UK man who leaked pre release movies online has been sentenced to 27 months in prison after pleading to one count of conspiracy to defraud  Malik Luqman Farooq of Halifax was part of a group that obtained copies of movies from a post production company in t,While the vast majority of movies eventually appear online in pirated form  when they do so before their theatrical release dates there is always controversy These exclusive release windows are aggressively protected by the studios and when people breach th  4386 chars 
Ben Pearson,HBO Maxs Julia Child Drama Finds a New Lead to Replace Joan Cusack,Joan Cusack was all set to play famous author and chef Julia Child in an upcoming HBO Max pilot  but since she left the project  the show needed a new cook in the kitchen  Now the fledgling streaming service has found a new star for the show  Get the details ,Joan Cusack was all set to play famous author and chef Julia Child in an upcoming HBO Max pilot  but since she left the project  the show needed a new cook in the kitchen  Now the fledgling streaming service has found a new star for the show  Get the details   2217 chars 
Rob Blanchette,Tim Hortons Brier 2020  Dates  Draw Schedule  Format for Curling Event,Canada will discover which team will represent them during the forthcoming World Men s Curling Championship  with qualifying action taking place at the 2020 Tim Hortons Brier ,Todd Korol Getty Images Canada will discover which team will represent them during the forthcoming World Men s Curling Championship  with qualifying action taking place at the 2020 Tim Hortons Brier The domestic event starts in full on Saturday in Kingston  3261 chars 
Scott Polacek,NHL Draft 2020  1st Round Mock Predictions and Latest Order,While the current  NHL  season is suspended due to concerns about the coronavirus pandemic  teams are surely always in prepare for the future mode even amid uncertainty about the rest of the 2019 20 campaign ,Petr David Josek Associated Press While the current NHL season is suspended due to concerns about the coronavirus pandemic  teams are surely always in prepare for the future mode even amid uncertainty about the rest of the 2019 20 campaign With that in min  3962 chars 
Ian Chainey,The Month In Metal  February 2020,Metallicas Enter Sandman  You know it by heart  The avalanche of slightly off kilter downstrokes punctuated by Lars Ulrichs perfect snare hits  The way it hurtles towards the verse  changing  mutating  the aural equivalent of someone speedrunning Ninja Ga,Metallicas Enter Sandman  You know it by heart  The avalanche of slightly off kilter downstrokes punctuated by Lars Ulrichs perfect snare hits  The way it hurtles towards the verse  changing  mutating  the aural equivalent of someone speedrunning Ninja Gaiden  25279 chars 
Manish Singh,Leap Finance raises  5 5M to democratize financing for foreign bound Indian students,Tens of thousands of Indians move to the United States to pursue higher education each year  But like many others who have arrived from a foreign land  they cant secure education loans or personal loans from the banks at interest rates on par with those levi,Tens of thousands of Indians move to the United States to pursue higher education each year  But like many others who have arrived from a foreign land  they cant secure education loans or personal loans from the banks at interest rates on par with those levie  3342 chars 
Anthony Ha,Daily Crunch  Disney CEO Bob Iger steps down,Yesterday was a big day for executive moves  with Bob Iger stepping down as Disney CEO and Keith Block stepping down as Salesforce co CEO  Meanwhile  Facebook has acquired another VR game studio and the owner of The Players Tribune has raised more funding  H,Yesterday was a big day for executive moves  with Bob Iger stepping down as Disney CEO and Keith Block stepping down as Salesforce co CEO  Meanwhile  Facebook has acquired another VR game studio and the owner of The Players Tribune has raised more funding  H  3092 chars 
Whitney Kimball,Reddits Imaginary Maps Show Us It Could Always Be Worse,Weve all mapped out some mental image of the world we live in  and its not great  Whatever our doomscape looks like  though  we can probably agree that it still beats a medieval patchwork of theocratic states after an unspecified Event  a zombie colonized B,Weve all mapped out some mental image of the world we live in  and its not great  Whatever our doomscape looks like  though  we can probably agree that it still beats a medieval patchwork of theocratic states after an unspecified Event  a zombie colonized Bri  11199 chars 
Jackson Ryan,Coronavirus timeline  How the disease spread across the globe   CNET,COVID 19 was first detected in December last year and has now spread to over 160 countries worldwide  Here s how the pandemic unfolded ,Health workers screen a patient for coronavirus on March 18 at a drive through testing site in Arlington  Virginia Drew Angerer Getty Images For the most up to date news and information about the coronavirus pandemic  visit the WHO website COVID 19  the   80954 chars 
Jackson Ryan,Coronavirus updates  Pence staffer tests positive  student loan payment suspension   CNET,Plus  Californian and Illinois go on lockdown  deaths in Italy surpass those in China ,Health workers screen a patient for coronavirus on March 18 at a drive through testing site in Arlington  Virginia Drew Angerer Getty Images For the most up to date news and information about the coronavirus pandemic  visit the WHO website COVID 19  the   78899 chars 
Merrit Kennedy,Trump Administration Says U S  Border With Mexico To Close To Nonessential Travel,The agreement is similar to one announced earlier this week to partially close the U S  border with Canada  Both will go into effect on Saturday  Trump administration officials said ,A border patrol agent walked along a border wall separating Tijuana  Mexico  from San Diego earlier this week Gregory Bull AP Trump administration officials say nonessential travel between the U S  and Mexico will halt as of Saturday to try to stop the spr  1195 chars 
Colin Dwyer,Coronavirus  Kansas Becomes 1st State To End School Year  But May Not Be Last,Governors in California and Ohio have suggested they might follow Kansas  lead  as officials across the U S  step up efforts to slow the spread of the COVID 19 pandemic ,Kansas Gov  Laura Kelly addresses a news conference Tuesday in Topeka  Kan  after announcing the closure of schools K 12 throughout the state for the rest of the school year John Hanna AP The school year has come to an abrupt end for students across Kansa  7989 chars 
Jeremy Berke and Yeji Jesse Lee,CULTIVATED  Cuts at MedMen  the race to enter Canada s edible market  and more,Welcome to Cultivated  our weekly newsletter where we re bringing you an inside look at the deals  trends  and personalities driving the multibillion dollar global cannabis boom  Sign up here to get it in your inbox every week  If you want a discount to BI Pr,Welcome to Cultivated  our weekly newsletter where we re bringing you an inside look at the deals  trends  and personalities driving the multibillion dollar global cannabis boom   Sign up here to get it in your inbox every week   If you want a discount to B  4496 chars 
The Oracles,Why Fitness Entrepreneur Jonathan Goodman Chose a Life of Exploration Over a Bigger Business  8212 and How It Paid Off,To build a business on your terms  you can t compare yourself to others ,Opinions expressed by Entrepreneur contributors are their own In this series called Member Showcase  we publish interviews with members of The Oracles  This interview is with Jonathan Goodman  founder of the Personal Trainer Development Center  a remote edu  6767 chars 
The Oracles,Tech CEO Ross Andrew Paquette Read His First Book This Year  Here s Why ,He advocates for growing your business without investors ,March 19  2020 6 min read Opinions expressed by Entrepreneur contributors are their own This interview is with Ross Andrew Paquette  founder  chairman  and CEO of Maropost  a software company focused on marketing automation and e commerce Who are you   5925 chars 
,Canada to spend  1 billion combating COVID 19 spread  economic impacts   CTV News,Canada to spend  1 billion combating COVID 19 spread  economic impacts CTV News Federal government to announce supports for people  businesses hit by COVID 19 on Wednesday CBC ca Canada releases coronavirus guidelines on when to cancel major events CTV News J,OTTAWA    The federal government is putting more than  1 billion into its plan to combat and mitigate the impacts of the outbreak of COVID 19 in Canada Prime Minister Justin Trudeau and a handful of key cabinet ministers announced the  comprehensive  coro  7032 chars 
,Self isolating  NFB is streaming free titles including an Indigenous cinema library   CBC ca,The National Film of Canada has over 4 000 films  documentaries and short pieces available to stream for free and this includes a rich library of Indigenous content ,People are self isolating across the country to flatten the curve of the Covid 19 pandemic but that doesn t mean you can t stay occupied The National Film Board of Canada has over 4 000 films  documentaries and short pieces available to stream for free and   3232 chars 
,Exploratory talks between Ontario high school teachers union and government break off   The Globe and Mail,Exploratory talks between Ontario high school teachers union and government break off The Globe and Mail Ford government backs down on high school class sizes  e learning ahead of more Ont  teacher strikes CTV News I m An Ontario Teacher But I Chose To Go Wh,Thousands of picketers from the four main teachers  unions march around Queen s Park during a provincewide strike in Toronto on Feb  21  2020   Tijana Martin The Globe and Mail The union representing high school teachers has ended informal contract talks wi  4261 chars 
,Protesters rally in Calgary against UCP budget cuts   Calgary Herald,Thousands of Calgarians marched through downtown on Saturday to protest against cuts in the United Conservative governments second budget that impact health care  public education and the po,Thousands of Calgarians marched through downtown on Saturday to protest against cuts in the United Conservative governments second budget that impact health care  public education and the post secondary sector People of all ages  including young kids  uni  5029 chars 
Matt Sedensky John Leicester,WHO urges governments to pull out  all the stops  to slow spread of coronavirus   The Globe and Mail,WHO urges governments to pull out  all the stops  to slow spread of coronavirus The Globe and Mail Canada confirms first  community case  of COVID 19  Here s what that means CTV News Chinese province at centre of coronavirus outbreak reports no new cases outs,Iraqi medical staff check a passenger s temperature upon arriving at Najaf airport  on March 5  2020 ALAA AL MARJANI Reuters On Friday  health columnist Andre Picard will take reader questions during a live Facebook Q amp A  Email your coronavirus question  7908 chars 
Kirby Bourne,Premier Jason Kenney defends Albertas war room on 630 CHED amid opposition   Global News,Premier Jason Kenney defends Albertas war room on 630 CHED amid opposition Global News Alberta Parks Closures  Privatizations Announced By Kenney Govt  HuffPost Canada Alberta unions put pressure on UCP government with new campaign Global News If Alberta t,Appearing on 630 CHED Mornings with Chelsea Bird and Shaye Ganam on Wednesday  Premier Jason Kenney defended the Canadian Energy Centre  saying its still early in the project and Albertans can expect to see more from the new endeavor after they get fully sta  4057 chars 
,B C  closes schools to combat spread of coronavirus   The Globe and Mail,B C  closes schools to combat spread of coronavirus The Globe and Mail B C  suspends K 12 schools indefinitely amid coronavirus pandemic Global News B C  K 12 schools suspended indefinitely CBC ca All B C  public schools will be closed for now over COVID 19 c,B C  Premier John Horgan has announced the provinces schools from Kindergarten to Grade 12 are closed  with no indication of when classes will resume Rob Fleming  the B C  education minister  said work is still underway to determine how education will be de  2678 chars 
,P E I  Premier Dennis King declares  public health emergency  on COVID 19   CBC ca,P E I  Premier Dennis King declares  public health emergency  on COVID 19 CBC ca P E I declares  public health emergency  amid COVID 19 pandemic CTV News What Canada can learn from Italy s situation with COVID 19 CBC News  The National Chief public health off,In Monday s second press briefing of the day P E I  Premier Dennis King  via conference call  declared a public health emergency and is directing all provincial government employees who can work from home to do so for the next two weeks King was accompani  4456 chars 
Dean Bennett,Jason Kenney says theres  a special place in hell for hoarders  scammers during pandemic   The Globe and Mail,Jason Kenney says theres  a special place in hell for hoarders  scammers during pandemic The Globe and Mail Five charts showing the spread of COVID 19 in Alberta and Canada CTV News Oil and gas companies taking steps to keep employees safe from COVID 19 Glo,Alberta Premier Jason Kenney updates media on measures taken to help with COVID 19  in Edmonton on March 20  2020  Kenney says officials are continuing to hear about cases of hoarding food and other vital supplies JASON FRANSON The Canadian Press Alberta P  3558 chars 
Alexander Quon,New Brunswicks chief medical officer of health supports possible closure of schools   Global News,New Brunswicks chief medical officer of health supports possible closure of schools Global News Province shuts down public schools for 2 weeks over COVID 19 worries CBC ca New Brunswick to close publics schools for two weeks due to COVID 19 concerns Toronto ,New Brunswicks chief medical officer of health says she supports the closure of schools in the province if an all party committee decides it is necessary to deal with the novel coronavirus pandemic Dr  Jennifer Russell  the provinces chief medical officer  2002 chars 
newsfeedback fool com Sean Williams ,Start the Clock  The Cannabis Stock Delisting Countdown Has Begun,A number of popular pot stocks could soon find themselves getting the boot from the New York Stock Exchange or Nasdaq ,What do you get when a still nascent industry that s been experiencing growing pains encounters the quickest descent into bear market territory in history for the stock market  The answer is an absolute rout for cannabis stocks To be fair  no industry has b  5801 chars 
newsfeedback fool com Sean Williams ,5 Marijuana Stocks That Can Make Money During a Recession,These pot stocks can deliver the green in any economic environment ,Last week  the stock market turned in its worst performance in more than 11 years  When the curtain closed  the 123 year old Dow Jones Industrial Average  technology laden Nasdaq Composite  and benchmark S amp P 500  declined by 12 4  10 5  and 11 5  respe  6977 chars 
newsfeedback fool com Sean Williams ,This Pot Stock Looks to Be the Only Clear Winner in Canada,Pretty much all Canadian marijuana growers  save for this company  look to be dumpster fires ,At this time last year  marijuana stocks were the hottest thing since sliced bread  At the end of the first quarter of 2019  more than a dozen cannabis stocks wound up rising by at least 70  in a three month stretch  fueled by Canada s imminent release of der  6470 chars 
newsfeedback fool com Sean Williams ,4 Cannabis Stocks You ll Regret Not Buying During This Correction,It s time to go shopping for high quality marijuana businesses at attractive prices ,Batten down the hatches  because volatility has returned in a big way for the stock market  Over a 12 session stretch  ending this past Tuesday  March 10  the 123 year old Dow Jones Industrial Average logged its three biggest single day point gains in history  7967 chars 
,La course navette   The Beep Test, Wojtek is a mysterious new student at school  This is why he is a prey designated for Thomas and Philippe  two students in search of entertainment  Not finding the words in front of his assailants  Wojtek will go back to his physical education course to expr,
Brandie Weikle,What to do if you think you have COVID 19  A guide to each province and territory,If you have symptoms of the illness caused by the coronavirus  including cough  fever and difficulty breathing in adults  or a runny nose  sore throat and diarrhea in children  here s what to do ,If you have symptoms of COVID 19  theillness caused by the coronavirus  the first stepis to contact your health care provider or local public health agency by email or telephone They ll be able to tell you if you re eligiblefor testing in your area Most  9351 chars 
Gary Graff,Randy Bachman and Burton Cummings Are Back Together for 2020 Tour  Exclusive,Randy Bachman and Burton Cummings will share the land  or at least the stage again  this summer as the Guess Who duo hits the road for two dozen dates  mostly in their native Canada ,Randy Bachman and Burton Cummings will share the land  or at least the stage again  this summer as the Guess Who duo hits the road for two dozen dates  mostly in their native Canada The trek  billed as Bachman Cummings  Together Again Live in Concert  is th  4326 chars 
Helen Earley,Green travel guide to New Brunswick,Adventure doesn t require a carbon intensive flight  The post Traveling green in New Brunswick  Your eco friendly trip guide appeared first on Matador Network ,Sure  this is a green travel guide  and well keep it green  but its New Brunswicks actual colors well talk most about  the warm red tones of the south coasts rocky sea caves that reveal themselves only at low tide  The fierce blue grey of the waters   7048 chars 
Vanessa Chiasson,9 memorable moments in New Brunswick,How could you forget walking on the ocean floor  The post 9 moments youll remember forever from your trip to New Brunswick appeared first on Matador Network ,New Brunswick is one of Canadas oldest and smallest provinces  and one of my personal favorites  It was here that I spent my formative years playing on beaches  eating fiddleheads  scouting for whales  and exploring the ocean floor at low tide  Now that Im  7335 chars 
Helen Earley,New Brunswick  A road trip itinerary,Use this itinerary as the starting point for one excellent road trip  The post Road trip itinerary for seeing the best of New Brunswick appeared first on Matador Network ,A friend from New Brunswick once revealed to me the secret of his native province  We have everything that all the other provinces have  he said  but we have it all in one place  Indeed  New Brunswick does seem to have it all  beaches  mountains  islands   8392 chars 
,Organigram Receives Health Canada License Renewal and Expansion for Final Elements of Phase 5 and Provides COVID 19 Update,MONCTON  New Brunswick BUSINESS WIRE   OGI Organigram Holdings Inc   NASDAQ  OGI   TSX  OGI  the parent company of Organigram Inc   the Company or Organigram  a leading licensed producer of cannabis  is pleased to announce that the Company has re,MONCTON  New Brunswick BUSINESS WIRE Organigram Holdings Inc   NASDAQ  OGI   TSX  OGI  the parent company of Organigram Inc   the Company or Organigram  a leading licensed producer of cannabis  is pleased to announce that the Company has received Health  5592 chars 
,Organigram Expands Leadership Team with the Appointment of Chief Strategy Officer and Newly Appointed Chief Financial Officer,MONCTON  New Brunswick BUSINESS WIRE   OGI Organigram Holdings Inc   NASDAQ  OGI   TSX  OGI  the parent company of Organigram Inc   the Company or Organigram  a leading licensed producer of cannabis  is pleased to announce that effective today Pa,MONCTON  New Brunswick BUSINESS WIRE Organigram Holdings Inc   NASDAQ  OGI   TSX  OGI  the parent company of Organigram Inc   the Company or Organigram  a leading licensed producer of cannabis  is pleased to announce that effective today Paolo De Luca    6115 chars 
,Ideal Potency of Edible Products 5MGs of THC or Less  Organigram Consumer Research Survey Concludes,MONCTON  New Brunswick BUSINESS WIRE   OGI Organigram Holdings Inc   NASDAQ  OGI   TSX  OGI  the parent company of Organigram Inc   the Company or Organigram  a leading licensed producer of cannabis  has released summary findings gathered in a re,MONCTON  New Brunswick BUSINESS WIRE Organigram Holdings Inc   NASDAQ  OGI   TSX  OGI  the parent company of Organigram Inc   the Company or Organigram  a leading licensed producer of cannabis  has released summary findings gathered in a research projec  5828 chars 
,Organigram Holdings Inc  Announces Election of Directors,MONCTON  New Brunswick BUSINESS WIRE   OGI Organigram Holdings Inc   Organigram or the Corporation   TSX  OGI   NASDAQ  OGI  announced today that each of the eight nominees listed in its management information circular dated January 23  2020  the ,MONCTON  New Brunswick BUSINESS WIRE Organigram Holdings Inc   Organigram or the Corporation   TSX  OGI   NASDAQ  OGI  announced today that each of the eight nominees listed in its management information circular dated January 23  2020  the Circular  was   4120 chars 
,UFC Returns To Saskatoon On June 20,Find out more about UFC s return toSaskatoon on June 20,A special UFC FIGHT NIGHT microsite UFC com saskatoon launches today  providing registering fans with pre sale access to tickets and event related information We are thrilled to bring the world famous Octagon back to the Canadian Prairies  David Shaw  UFC  1306 chars 
Shawn Conner,Five reasons to check out this year s Festival du Bois,Yves Lambert Trio headlines the Festival du Bois  the 31st annual celebration of Quebec culture in B C ,Festival du Bois When  March 6 8 Where  Mackin Park  1046 Brunette Ave  Coquitlam Tickets   20 13 8 in advance at ticketzone com 1  Yves Lambert Trio  One of the stars of Quebecois trad music  Yves Lambert is a founding member of Quebec folk band La Bott  1507 chars 
Howard Ramos Professor of Sociology Dalhousie University Emma Kay PhD Student Department of Sociology and Social Anthropology Dalhousie University,Affordable housing  It s not just a big city problem anymore,In Atlantic Canada  leaders must avoid the mistakes made in the countrys largest cities where people are being pushed out due to high housing prices ,People in Atlantic Canada cities  including Charlottetown  are nervous about rising house prices as young people return and immigration fuels economic growth   Shutterstock  Awareness of affordability issues and the crunch to find suitable housing has made na  6198 chars 
,My 25 Years of Ed Tech,Stephen Downes  Mar 02  2020 Martin Weller has released his book 25 Years of Ed Tech  It s a nice read  you are encouraged to check it out  But I have to confess  on having looked at the table of contents I realized he was also describing my career  Of course,By Stephen DownesMar 02  2020 Half an HourMartin Weller has released his book 25 Years of Ed Tech today  It s a nice read  you are encouraged to check it out  But I have to confess  on having looked at the table of contents  I thought that it captured my car  51834 chars 
Rotoworld,Mavrik Bourque looking like a first rounder,McKeen s Hockey looks at Quebec prospect Mavrik Bourque as well as some over aged juniors in the Prospects Report  Courtesy of the QMJHL ,As the dust settles from the flurry of activity around the trade deadline  as of March 1st  NHL teams will quietly turn their attention to overage prospects from the CHL that are available to sign to entry level contracts  In this weeks column  Brock Otten pr  10413 chars 
Bloomberg News,Coronavirus sours outlook for Canadian CEOs as they try get a handle on the ensuing damage,Here are thoughts so far from Canadian companies doing business overseas,A miserable end to 2019 is turning into a gloomy start to 2020 for some of Canadas biggest exporters Business leaders waved good riddance to last year after global trade tensions and a railway strike stymied business and exports  Economic growth in the fou  5598 chars 
Christine Fisher,Uber resumes self driving car tests on San Francisco streets,Two years after Uber suspended all self driving car tests following the death of a pedestrian  it is creeping back onto San Francisco s streets  Today  Uber Advanced Technologies Group  ATG  resumed testing its autonomous vehicles in the city  TechCrunch repo,The company will reportedly limit testing to a few weeks with two Volvo XC90 vehicles  It will only test during daylight  and a safety driver and co pilot will be present in each vehicle  Uber is clearly  and understandably  proceeding with caution Uber ATG  742 chars 
Igor Bonifacic,Amazon s  Just Walk Out  tech is coming to airport stores in March,That didn t take long  One of the first stores in the US to feature Amazon s Just Walk Out checkout free technology will open on March 16th  one week after the company announced it was licensing the platform to retailers  You ll find the store  a CIBO Express,OTG  the company that owns and operates the CIBO Express Gourmet Markets chain  says it plans to deploy the technology at additional stores located at LaGuardia and Newark airports  The company operates approximately 100 CIBO Express locations at 10 major air  1158 chars 
Jon Fingas,Canada s first 5G network goes live in four cities,You no longer need to head to the US if you want a taste of 5G in North America  After starting its rollout in January  Rogers has switched on Canada s first live 5G network in the downtown cores of Montreal  Ottawa  Toronto and Vancouver  You ll unsurprising,You can expect 20 more markets to get 5G this year  Rogers said  At the same time  it l start using low band 600MHz access that should both widen coverage and help you stay connected to 5G indoors  It ll eventually start using 3 5GHz service as well as spectr  983 chars 
Flavie Halais,Is Your Data Being Collected  These Signs Will Tell You Where,Alphabet s Sidewalk Labs is testing icons that provide digital transparency when information is collected in public spaces ,As cities incorporate digital technologies into their landscapes  they face the challenge of informing people of the many sensors  cameras  and other smart technologies that surround them  Few people have the patience to read through the lengthy privacy notic  4150 chars 
Howard Markel,With Covid 19  Tech Is Making History Repeat Itself,As the coronavirus spreads  globalization and tech are amplifying every major theme of pandemics past  secrecy  scapegoating  sell offs  and much more ,I have been a professional epidemic watcher for nearly 30 years  Ive researched seven centuries of pandemics  Yet ever since late January  I have been gobsmacked by the Covid 19 crisis  This surreal disbelief began with the news of China imposing a draconian   4746 chars 
Jay Peters,WeChat has been censoring keywords about coronavirus  study finds,Chinas hugely popular WeChat has been censoring keywords about coronavirus  according to a report published by Citizen Lab  The report also found that popular Chinese livestreaming platform YY has been censoring coronavirus content ,Chinese live streaming platform YY has also been censoring coronavirus content Illustration by Alex Castro   The Verge Chinas most popular messaging app  Tencent owned WeChat  has been censoring keywords about coronavirus since as early as January 1st  an a  2715 chars 
Josh Constine,SXSW cancels its 400K person conference due to coronavirus,SXSW has officially announced it will cancel its tech and music conference slated for March 13th to 22nd in Austin  TX due to concerns around coronavirus  Based on the recommendation of our public health officer and our director of public health  Ive gone,SXSW has officially announced it will cancel its tech and music conference slated for March 13th to 22nd in Austin  TX due to concerns around coronavirus  Based on the recommendation of our public health officer and our director of public health       Ive g  3306 chars 
Steve O Hear,RTP Global outs new  650M early stage fund to back tech in US  Europe  India and South East Asia,RTP Global  the VC firm founded by Russian entrepreneur and investor Leonid Boguslavsky  is announcing a new  650 million fund to continue backing early stage tech startups  primarily at Series A but also some late seed deals and Series B  Of note  the VCs l,RTP Global  the VC firm founded by Russian entrepreneur and investor Leonid Boguslavsky  is announcing a new  650 million fund to continue backing early stage tech startups  primarily at Series A but also some late seed deals and Series B Of note  the VCs   3522 chars 
Jonathan Shieber,YC graduate Genecis Bioindustries turns food waste into compostable plastics,Unfortunately  the world doesnt have a constant quantity of problems  and while governments and most private businesses are focused on tackling the ongoing COVID 19 pandemic  companies like Genecis Bioindustries are working on technologies to solve another m,Unfortunately  the world doesnt have a constant quantity of problems  and while governments and most private businesses are focused on tackling the ongoing COVID 19 pandemic  companies like Genecis Bioindustries are working on technologies to solve another m  4764 chars 
Brian Kahn and Dhruv Mehrotra on Earther shared by Andrew Couts to Gizmodo,Coronavirus Has Slashed Global Air Pollution  This Interactive Map Shows How ,The covid 19 pandemic has changed the world  grinding to a halt increasingly large geographic areas and portions of the economy in an effort to slow the virus spread  Read more ,The covid 19 pandemic has changed the world  grinding to a halt increasingly large geographic areas and portions of the economy in an effort to slow the virus spread The impacts have been profound on the ground  but government mandated lockdowns have also r  6988 chars 
Nicole Gallucci,Screw it  here are a bunch of stock photos of Babybel cheese,There are only so many articles about politics and the coronavirus a person can read before having to seek refuge in something else Anything else  Some people attempt to distract themselves from the harsh realities of unsettling news by consuming news adjacen,There are only so many articles about politics and the coronavirus a person can read before having to seek refuge in something else  Anything else Some people attempt to distract themselves from the harsh realities of unsettling news by consuming news adjac  2909 chars 
, I ain t playing if no fans    LeBron James on possibility of NBA matches being staged behind closed doors,LeBron James says he would refuse to play if the Los Angeles Lakers had to stage games behind closed doors because of the coronavirus outbreak ,The LA Lakers clinched a spot in the NBA play offs for the first time since 2013 with victory over the Milwaukee Bucks on Friday LeBron James says he would refuse to play if the Los Angeles Lakers had to stage games behind closed doors because of the coronav  1944 chars 
Jason Hanna and David Close CNN,A second Utah Jazz player tests positive for coronavirus as NBA considers next steps,A second Utah Jazz player has tested positive for coronavirus  the NBA team said Thursday  a day after the league abruptly suspended its season because of news that the virus had impacted the Utah club , CNN A second Utah Jazz player has tested positive for coronavirus  the NBA team said Thursday  a day after the league abruptly suspended its season because of news that the virus had impacted the Utah club Meanwhile  at least two teams that recently played  2163 chars 
,Curry scores 23 points in comeback game   but Warriors lose again,Stephen Curry scores 23 points in 27 minutes in his first match since October as the Golden State Warriors lose 121 113 to the Toronto Raptors ,Stephen Curry was the NBA s Most Valuable Player in 2015 and 2016 Stephen Curry scored 23 points in 27 minutes in his first match since October as the Golden State Warriors lost 121 113 to the Toronto Raptors The three time NBA champion broke his left hand  478 chars 
Jeff Lewis,Miners avoid handshakes at Toronto meeting over coronavirus fears,Miners in Toronto for an annual industry dealmaking event slathered on hand sanitizer and avoided handshakes  while Chile s mines minister doled out masks as coronavirus concerns overshadowed buyout buzz and prompted delegates to scrap some events ,TORONTO  Reuters    Miners in Toronto for an annual industry dealmaking event slathered on hand sanitizer and avoided handshakes  while Chiles mines minister doled out masks as coronavirus concerns overshadowed buyout buzz and prompted delegates to scrap som  2505 chars 
Reuters Editorial,Canada s Ontario shuts down most public venues  declares state of emergency,Ontario  Canada s most populous province  banned gatherings of more than 50 people and ordered the closure of bars and restaurants on Tuesday in a bid to slow the spread of the coronavirus ,TORONTO  Reuters    Ontario  Canadas most populous province  banned gatherings of more than 50 people and ordered the closure of bars and restaurants on Tuesday in a bid to slow the spread of the coronavirus   We must act decisively  we must not delay  Pr  221 chars 
Reuters Editorial,Exclusive  Postponed Tokyo 2020 Games could open door for drug cheats   USADA,The one year postponement of the 2020 Tokyo Olympics could open the door for convicted drug cheats to compete for medals  and is something that will need to addressed  United States Anti Doping Agency  USADA  chief Travis Tygart told Reuters on Tuesday ,TORONTO  Reuters    The one year postponement of the 2020 Tokyo Olympics could open the door for convicted drug cheats to compete for medals  and is something that will need to addressed  United States Anti Doping Agency  USADA  chief Travis Tygart told Reute  250 chars 
Reuters Editorial,Players vote to approve NFL owners  proposed labor deal,NFL players have voted to approve a new collective bargaining agreement  CBA  that will expand the playoff field and allow owners the option to lengthen the regular season  the NFL Players  Association said on Sunday , Reuters    NFL players have voted to approve a new collective bargaining agreement  CBA  that will expand the playoff field and allow owners the option to lengthen the regular season  the NFL Players Association said on Sunday   The new 10 year labor deal   1322 chars 
Reuters Editorial,Instant view  Fed cuts rates to buffer economy from coronavirus,The Federal Reserve cut interest rates for the second time in less than two weeks on Sunday in an emergency move to help shore up the U S  economy amid the rapidly accelerating global coronavirus pandemic , Reuters    The Federal Reserve cut interest rates for the second time in less than two weeks on Sunday in an emergency move to help shore up the U S  economy amid the rapidly accelerating global coronavirus pandemic   In a statement  the central bank said i  2806 chars 
Reuters Editorial,What you need to know about the coronavirus today,Here s what you need to know about the coronavirus outbreak today , Reuters    Heres what you need to know about the coronavirus outbreak today   Closing U S  borders to Europe  After being criticized for his governments response to the coronavirus outbreak  U S  President Donald Trump pulled out all the stops on Wednesd  3127 chars 
